[
  {
    "uuid": "c32ab6d0-8673-47c8-b2a3-7df48ce221f4",
    "name": "YuukiSkniro",
    "level": 4,
    "bypassesPlayerLimit": false
  },
  {
    "uuid": "a0a24408-a657-3f7b-a643-d8ef199596f5",
    "name": "Blackhold_hd",
    "level": 4,
    "bypassesPlayerLimit": false
  },
  {
    "uuid": "d76320fd-0f4c-4f06-8915-a0a5729f3c3d",
    "name": "Blackhold_hd",
    "level": 4,
    "bypassesPlayerLimit": false
  },
  {
    "uuid": "9fa3a992-90a2-3e98-8124-1c0a3159b2d0",
    "name": "YuukiSkniro",
    "level": 4,
    "bypassesPlayerLimit": false
  }
]