{"stat.useItem.minecraft.bow":1,"stat.walkOneCm":25990,"stat.leaveGame":5,"stat.killEntity.Creeper":2,"stat.useItem.minecraft.rotten_flesh":3,"stat.jump":102,"stat.swimOneCm":1617,"stat.sprintOneCm":10849,"achievement.exploreAllBiomes":{"value":0,"progress":["Mesa Plateau F","Mesa","Beach","DesertHills","Mesa Plateau","River","Ocean","Plains","Desert"]},"stat.killEntity.Skeleton":3,"achievement.openInventory":3,"stat.damageTaken":120,"stat.killEntity.Spider":2,"stat.mineBlock.minecraft.red_flower":3,"stat.mobKills":11,"stat.flyOneCm":257667,"stat.playOneMinute":43532,"stat.useItem.minecraft.stone_sword":64,"stat.damageDealt":2370,"stat.killEntity.Zombie":4,"stat.timeSinceDeath":43532,"stat.mineBlock.minecraft.tallgrass":22}