{"stat.flyOneCm":6914,"stat.walkOneCm":13603,"stat.jump":33,"stat.playOneMinute":1898,"achievement.openInventory":1,"stat.fallOneCm":1097,"stat.killEntity.Sheep":1,"stat.leaveGame":1,"stat.useItem.minecraft.stone_sword":6,"stat.damageTaken":20,"stat.damageDealt":420,"stat.timeSinceDeath":1898,"stat.killEntity.Cow":1,"stat.sprintOneCm":6735,"stat.mobKills":3,"stat.killEntity.Pig":1,"achievement.exploreAllBiomes":{"value":0,"progress":["Mesa","River","Plains","Desert"]},"stat.mineBlock.minecraft.tallgrass":1}